Project_ID,Project_Name,Budget,Estimated_Hours,Timeline_Days,Team_Size,%_Budget_Used,%_Work_Completed,%_Timeline_Completed,At_Risk
1,Project_G,98062,857,80,17,0.49,0.68,1.21,1
2,Project_A,51048,203,330,7,0.07,0.86,0.52,0
3,Project_Z,81832,693,326,9,0.73,1.0,1.1,0
4,Project_T,88274,767,326,13,0.29,0.55,1.43,1
5,Project_M,18381,579,211,17,1.13,0.59,1.18,1
6,Project_V,13484,210,91,16,0.39,0.9,1.04,0
7,Project_P,32482,260,345,17,0.86,1.0,0.8,0
8,Project_K,21485,667,91,8,0.98,1.0,0.89,0
9,Project_Y,97010,138,273,13,0.15,1.0,0.98,0
10,Project_O,76245,863,142,15,0.46,1.0,0.95,0
11,Project_U,28711,204,326,5,0.44,0.98,1.22,1
12,Project_R,25034,326,54,16,1.1,1.0,0.68,1
13,Project_Q,38592,209,32,17,0.2,1.0,0.58,0
14,Project_S,56663,459,361,12,0.21,0.69,1.14,1
15,Project_A,78248,792,265,10,0.94,1.0,0.69,0
16,Project_V,37766,167,142,8,0.39,1.0,1.07,0
17,Project_C,23562,236,145,10,1.18,1.0,0.55,1
18,Project_D,22547,589,34,4,2.04,1.0,0.71,1
19,Project_F,48655,429,202,11,0.61,0.8,0.63,0
20,Project_D,94693,940,131,18,1.07,1.0,0.74,1
21,Project_Q,55728,120,183,13,0.25,1.0,1.08,0
22,Project_R,85821,534,90,4,0.33,0.61,1.46,1
23,Project_I,5903,452,210,8,2.95,0.73,0.94,1
24,Project_D,77766,274,52,10,0.32,1.0,0.62,0
25,Project_C,90786,353,183,17,0.15,0.75,0.73,0
26,Project_V,41333,102,249,14,0.04,0.63,0.71,0
27,Project_Q,69741,866,359,16,1.19,1.0,0.85,1
28,Project_V,92819,65,37,18,0.03,1.0,0.91,0
29,Project_K,21599,740,326,19,1.48,1.0,0.82,1
30,Project_Z,83552,328,235,3,0.35,1.0,0.95,0
31,Project_T,36648,967,306,13,2.48,1.0,1.3,1
32,Project_C,6856,166,274,18,0.35,0.57,1.4,1
33,Project_K,28779,921,48,7,1.27,0.84,1.49,1
34,Project_V,99947,413,179,5,0.17,0.56,1.44,1
35,Project_S,81537,961,109,4,1.03,1.0,0.7,1
36,Project_K,42103,936,141,6,1.12,0.73,1.47,1
37,Project_F,42410,151,154,11,0.22,0.62,0.88,1
38,Project_H,6929,921,128,18,9.71,1.0,1.09,1
39,Project_V,92994,265,252,6,0.26,0.99,0.82,0
40,Project_K,71564,994,136,4,0.5,0.88,1.36,1
41,Project_N,64044,748,126,11,0.95,1.0,1.07,0
42,Project_U,99148,903,57,6,0.18,0.54,0.74,1
43,Project_M,66181,708,142,16,0.82,1.0,1.05,0
44,Project_W,30812,103,73,18,0.23,0.86,1.32,1
45,Project_F,84735,332,210,6,0.23,0.65,0.8,0
46,Project_Z,89008,539,209,17,0.36,0.63,1.32,1
47,Project_V,52451,892,149,15,0.33,0.63,1.34,1
48,Project_V,58630,242,208,5,0.22,1.0,1.11,0
49,Project_A,52505,969,106,13,1.53,0.88,0.56,1
50,Project_M,34387,498,175,18,0.4,1.0,1.3,1
51,Project_W,67270,389,313,9,0.23,0.72,1.31,1
52,Project_W,92361,182,60,19,0.15,0.75,0.76,0
53,Project_N,18485,53,352,16,0.2,1.0,1.35,1
54,Project_R,92953,769,266,11,0.4,0.68,0.56,0
55,Project_Q,87220,729,143,8,0.22,1.0,0.83,0
56,Project_I,95735,790,202,20,0.59,1.0,1.06,0
57,Project_A,82328,778,193,5,0.28,0.61,0.78,0
58,Project_S,9283,281,136,9,3.36,1.0,0.7,1
59,Project_P,61426,361,206,7,0.61,1.0,0.53,0
60,Project_T,58374,426,345,4,0.44,1.0,0.81,0
61,Project_M,22393,656,282,15,1.06,0.91,0.99,1
62,Project_V,30382,693,113,10,0.95,0.72,0.61,0
63,Project_L,24233,585,363,20,1.96,0.81,0.62,1
64,Project_H,54532,116,208,5,0.18,1.0,1.31,1
65,Project_F,35718,489,280,9,0.55,0.63,1.49,1
66,Project_Q,15260,660,40,8,2.47,0.92,0.71,1
67,Project_D,61621,773,222,5,1.79,1.0,1.09,1
68,Project_F,94273,161,41,7,0.08,0.73,0.78,0
69,Project_Y,94406,687,283,4,0.44,0.91,1.25,1
70,Project_E,35788,466,149,16,1.03,1.0,0.57,1
71,Project_J,27479,508,252,5,0.97,0.99,1.16,0
72,Project_Z,15340,417,86,3,3.74,1.0,1.33,1
73,Project_D,49999,981,285,10,1.07,0.95,1.35,1
74,Project_I,73265,163,48,7,0.21,1.0,1.18,0
75,Project_G,54947,266,96,8,0.43,0.97,1.09,0
76,Project_H,44715,166,141,6,0.21,0.84,1.09,1
77,Project_B,23776,79,232,7,0.21,0.75,0.89,0
78,Project_N,84392,205,76,10,0.09,0.7,1.44,1
79,Project_I,82931,398,264,7,0.05,0.52,1.38,1
80,Project_G,99137,786,292,7,0.82,1.0,0.91,0
81,Project_A,32671,596,117,11,0.83,1.0,1.08,0
82,Project_C,29471,326,277,7,0.6,0.87,0.97,0
83,Project_D,38862,265,119,6,0.38,1.0,0.57,0
84,Project_X,17090,623,283,5,2.48,1.0,0.53,1
85,Project_D,5407,85,144,15,0.57,0.49,0.85,1
86,Project_F,95596,144,307,16,0.04,0.66,1.35,1
87,Project_A,22732,587,65,15,1.91,0.89,0.58,1
88,Project_G,20337,492,191,4,3.35,1.0,1.27,1
89,Project_L,58305,797,276,6,1.33,1.0,0.8,1
90,Project_W,94205,658,345,11,0.6,1.0,0.67,0
91,Project_V,72205,220,192,9,0.29,1.0,0.85,0
92,Project_X,86937,234,337,12,0.18,1.0,0.55,0
93,Project_W,14590,275,220,8,1.67,1.0,1.36,1
94,Project_F,94316,748,99,17,0.33,0.81,0.85,0
95,Project_M,13537,302,220,19,2.73,1.0,0.84,1
96,Project_M,78453,518,275,14,0.86,1.0,1.32,1
97,Project_N,10618,561,357,3,2.79,0.81,1.33,1
98,Project_J,75611,403,163,7,0.38,1.0,1.03,0
99,Project_Q,52780,581,162,13,0.55,1.0,1.11,0
100,Project_K,72252,545,342,3,0.63,1.0,1.12,0
101,Project_T,24693,744,50,10,1.31,1.0,1.0,1
102,Project_V,62501,705,271,8,0.57,1.0,1.0,0
103,Project_J,29140,925,128,12,3.31,1.0,1.0,1
104,Project_I,27079,137,314,15,0.29,1.0,1.0,0
105,Project_Z,81710,755,291,19,0.39,1.0,1.0,0
106,Project_Z,35532,621,171,9,0.73,1.0,1.0,0
107,Project_K,86226,138,309,16,0.12,1.0,1.0,0
108,Project_H,23515,866,47,15,0.94,1.0,1.0,0
109,Project_K,37564,886,332,15,0.62,1.0,1.0,0
110,Project_Z,51628,993,275,11,1.6,1.0,1.0,1
111,Project_O,73472,879,126,19,0.73,1.0,1.0,0
112,Project_R,70125,953,325,12,0.27,1.0,1.0,0
113,Project_Q,78065,851,58,10,1.04,1.0,1.0,1
114,Project_Q,68362,941,302,3,0.47,1.0,1.0,0
115,Project_W,83365,823,128,9,0.72,1.0,1.0,0
116,Project_F,25917,113,288,20,0.23,1.0,1.0,0
117,Project_B,53127,493,294,19,0.88,1.0,1.0,0
118,Project_N,69252,668,39,8,0.52,1.0,1.0,0
119,Project_Y,26904,421,355,17,1.07,1.0,1.0,1
120,Project_R,30070,293,339,13,0.26,1.0,1.0,0
